<?xml version="1.0" encoding="ISO-8859-1"?>
<metadata><idinfo><citation><citeinfo><origin>International Pacific Halibut Commission.</origin><pubdate>November 01, 2004</pubdate><title>BS_Den</title><edition>1</edition><geoform>vector digital data</geoform><onlink>\\REDWOOD\COMMON\computer\GIS\ShapeFiles\IPHCStatAreas\Newer Versions Y_M_D\2004_12_17\BS_Den.shp</onlink></citeinfo></citation><descript><abstract>International Pacific Halibut Commission (IPHC) statistical areas (stat areas) for the Bering Sea.</abstract><purpose>The IPHC uses the statistical areas to aggregate commercial and research catch data.</purpose><supplinf>(1) These digitized statistical areas are polygons.  Most vertices coincide with the historical IPHC areas. For accurate digitization, additional vertices were inserted by referring to NOAA (National Oceanic and Atmospheric Administration) and CHS (Canadian Hydrographc Survey) Mercator projected charts.
(2) Nodes (i.e. intermediate points between vertices) were computed using the ArcView 3.2 ReturnDensified method with a 500-meter step-size.
(3) No Bering Sea statistical areas are split by the 180-degree meridian.
(5) Additional information concerning the IPHC statistical areas can be found in IPHC Technical Report No. 49 (ISBN: 0579-3920).</supplinf></descript><timeperd><timeinfo><sngdate><caldate>November 1, 2004</caldate></sngdate></timeinfo><current>publication date</current></timeperd><status><progress>Complete</progress><update>As needed</update></status><spdom><bounding><westbc>-179.999999</westbc><eastbc>179.999999</eastbc><northbc>65.999999</northbc><southbc>51.637500</southbc></bounding></spdom><keywords><place><placekey>Bering Sea</placekey></place></keywords><accconst>These shapefiles are freely available to the public.</accconst><useconst>While defined and created in the Mercator projection, the addition of densely spaced intermediate  points (at approximately 500-meter intervals), followed by unprojecting, allows the shapefiles to be used in any projection.   
These shapefiles have no legal or official status.</useconst><ptcontac><cntinfo><cntperp><cntper>Thomas Kong</cntper><cntorg>International Pacific Halibut Commission</cntorg></cntperp><cntpos>Biologist</cntpos><cntaddr><addrtype>mailing address</addrtype><address>P.O. Box 95009</address><city>Seattle</city><state>Washington</state><postal>98145-2009</postal><country>USA</country></cntaddr><cntvoice>(206) 634-1838 ext. 232</cntvoice><cntemail>Tom(AT)phc.washington.edu</cntemail><cntinst>Email is the preferred contact method.</cntinst></cntinfo></ptcontac><datacred>Richard Leickly did the GIS work; Thomas Kong supplied the vertices and provided supporting information.</datacred><secinfo><secclass>Unclassified</secclass></secinfo><native>Microsoft Windows XP Version 5.1 (Build 2600) Service Pack 2; ESRI ArcCatalog 9.1.0.780</native></idinfo><dataqual><posacc><horizpa><horizpar>These data should be considered to be accurate to 0.01 degree.</horizpar></horizpa></posacc><lineage><srcinfo><srcscale>Many charts ranging  from 200,000 to 1,000,000</srcscale><typesrc>NOAA (USA) and CHS (Canada) Mercator projected nautical charts</typesrc></srcinfo></lineage></dataqual><spdoinfo><direct>Vector</direct><ptvctinf><sdtsterm><sdtstype>G-polygon</sdtstype><ptvctcnt>909</ptvctcnt></sdtsterm></ptvctinf></spdoinfo><spref><horizsys><geograph><latres>0.000001</latres><longres>0.000001</longres><geogunit>Decimal degrees</geogunit></geograph><geodetic><horizdn>North American Datum of 1983</horizdn><ellips>Geodetic Reference System 80</ellips><semiaxis>6378137.000000</semiaxis><denflat>298.257222</denflat></geodetic></horizsys></spref><eainfo><detailed><enttyp><enttypl>BS_Den</enttypl></enttyp><attr><attrlabl>FID</attrlabl><attrdef>Internal feature number.</attrdef><attrdefs>ESRI</attrdefs><attrdomv><udom>Sequential unique whole numbers that are automatically generated.</udom></attrdomv></attr><attr><attrlabl>Shape</attrlabl><attrdef>Feature geometry.</attrdef><attrdefs>ESRI</attrdefs><attrdomv><udom>Coordinates defining the features.</udom></attrdomv></attr><attr><attrlabl>STAT_AREA</attrlabl><attrdef>Name of the statistical area</attrdef></attr><attr><attrlabl>HEMI</attrlabl><attrdef>Hemisphere of the statistical area</attrdef><attrdomv><edom><edomv>E</edomv><edomvd>Eastern hemisphere</edomvd></edom><edom><edomv>W</edomv><edomvd>Western hemisphere</edomvd></edom></attrdomv></attr><attr><attrlabl>STATUS</attrlabl><attrdef>Whether the statistical area is open, or closed to commercial fishing</attrdef><attrdomv><edom><edomv>Open</edomv><edomvd>statistical area is open to commercial fishing</edomvd></edom><edom><edomv>Closed</edomv><edomvd>statistical area is closed to commercial fishing</edomvd></edom></attrdomv></attr><attr><attrlabl>TYPE</attrlabl><attrdef>Whether the statistical area is a GOA (Gulf of Alaska) or a Bering Sea (BS) statistical area</attrdef><attrdomv><edom><edomv>GOA</edomv><edomvd>Gulf of Alaksa</edomvd></edom></attrdomv></attr><attr><attrlabl>REGION</attrlabl><attrdef>Same as Reg_Area, but indicates the hemisphere, where appropriate.</attrdef></attr><attr><attrlabl>REG_AREA</attrlabl><attrdef>Regulatory Area in which the statistical area is located</attrdef></attr><attr><attrlabl>STAT_NUM</attrlabl><attrdef>A numeric version of Stat_Area</attrdef></attr></detailed></eainfo><distinfo><distrib><cntinfo><cntorgp><cntorg>International Pacific Halibut Commission</cntorg></cntorgp><cntvoice>(206) 634-1838</cntvoice><cntfax>(206) 632-2983</cntfax></cntinfo></distrib><stdorder><digform><digtinfo><transize>2.446</transize></digtinfo></digform></stdorder><resdesc>Downloadable Data</resdesc></distinfo><metainfo><metd>20080303</metd><metc><cntinfo><cntperp><cntper>Richard Leickly</cntper><cntorg>International Pacific Halibut Commission</cntorg></cntperp><cntpos>Scientific Programmer</cntpos><cntaddr><addrtype>mailing address</addrtype><address>P.O. Box 95009</address><city>Seattle</city><state>WA</state><postal>98145-2009</postal><country>USA</country></cntaddr><cntvoice>(206) 634-1838 ext. 221</cntvoice><cntemail>Richard(AT)iphc.washington.edu</cntemail><cntinst>Email is the preferred  contact method.</cntinst></cntinfo></metc><metstdn>FGDC Content Standards for Digital Geospatial Metadata</metstdn><metstdv>FGDC-STD-001-1998</metstdv><mettc>local time</mettc></metainfo><dataIdInfo><envirDesc>Microsoft Windows XP Version 5.1 (Build 2600) Service Pack 2; ESRI ArcCatalog 9.1.0.780</envirDesc><dataLang><languageCode value="en"/></dataLang><idCitation><resTitle>BS_Den</resTitle><presForm><PresFormCd value="005"/></presForm></idCitation><spatRpType><SpatRepTypCd value="001"/></spatRpType><dataExt><geoEle><GeoBndBox esriExtentType="native"><westBL>-179.999999</westBL><eastBL>179.999999</eastBL><northBL>65.999999</northBL><southBL>51.6375</southBL><exTypeCode>1</exTypeCode></GeoBndBox></geoEle></dataExt><geoBox esriExtentType="decdegrees"><westBL>-179.999999</westBL><eastBL>179.999999</eastBL><northBL>65.999999</northBL><southBL>51.6375</southBL><exTypeCode>1</exTypeCode></geoBox></dataIdInfo><mdLang><languageCode value="en"/></mdLang><mdStanName>ISO 19115 Geographic Information - Metadata</mdStanName><mdStanVer>DIS_ESRI1.0</mdStanVer><mdChar><CharSetCd value="004"/></mdChar><mdHrLv><ScopeCd value="005"/></mdHrLv><mdHrLvName>dataset</mdHrLvName><distInfo><distributor><distorTran><onLineSrc><orDesc>002</orDesc><linkage>file://\\REDWOOD\COMMON\computer\GIS\ShapeFiles\IPHCStatAreas\Newer Versions Y_M_D\2004_12_17\BS_Den.shp</linkage><protocol>Local Area Network</protocol></onLineSrc><transSize>11.903</transSize></distorTran><distorFormat><formatName>Shapefile</formatName></distorFormat></distributor></distInfo><refSysInfo><RefSystem><refSysID><identCode>GCS_Assumed_Geographic_1</identCode></refSysID></RefSystem></refSysInfo><spatRepInfo><VectSpatRep><topLvl><TopoLevCd value="001"/></topLvl><geometObjs><geoObjTyp><GeoObjTypCd value="001"/></geoObjTyp><geoObjCnt>909</geoObjCnt></geometObjs></VectSpatRep></spatRepInfo><mdDateSt>20080303</mdDateSt><Esri><DataProperties><copyHistory><copy source="Z:\computer\GIS\ShapeFiles\IPHCStatAreas\Newer Versions Y_M_D\2004_12_17\BS_Den" dest="\\ALPINE\F$\GIS\statedit\2013RegCorrection\BS_Den" date="20131004" time="16133600"></copy></copyHistory></DataProperties></Esri></metadata>
